comment_id,author,body
e1w8cjj,[deleted],issue; choosy; attribute; care; appearance; could; fill; education; section; tinder; accomplishment; achieve; would; still; left; swiped; almost; every; woman
e1uqmvy,SubsaharanAmerican,thought; clear; referring; proceptive; phase; rather; established; relationship; link; start; paucity; research; mean; ignore; author; study; note; predictive; explanatory; power; partner; attractiveness; reproducible; finding; speed; dating; world; acknowledge; limitation; extrapolate; appropriately; online; study; online; platform; speed; dating; study; cold; approaching; context; involving; brief; interaction; whether; finding; hold; true; longer; duration; acquaintanceship; remain; seen
e1ujouy,G_o_o_d_n_a_s_t_y,meta; review; showing; play; relationship; sciencedirect; science; article; note; little; good; research; dating; behavior; psychology; agreed; upon; method; study; thereof; take; article; like; posted; boulder; salt
e1tsrbn,Kondijote,woman; shamed; human; would; become; extinct
e1tqph2,Kondijote,another; video; body; shape; result; regarding; attractiveness; body; shape; height; part; study; penis; size; research; interested; reading; pnas; content
e1tbsrf,SubsaharanAmerican,confounder; limitation; clearly; addressed; obvious; caveat; section; post; reply; implies; scenario; predictive; romantic; interest; failed; cite; study; showing
e1svczt,G_o_o_d_n_a_s_t_y,note; giant; blaring; confounding; factor; experimental; setting; speed; dating; personality; trait; come; trying; extrapolate; thin; slice; behavioral; observation; broader; dating; behavior; silly
e1sbi81,phoneticau,laundry; list; requirement; never; measure
e1rxzz6,berserkerwolf11,dolp; lundgren; blonde; considered; masculine
e1rxo8q,SophisticatedBean,like; scientific; evidence; stating; feel; biological; need; protect; woman; study; show; result; race; creed; nationality; country; income; documented; seek; woman; rather; around; think; essentially; expression; drive; encoded; drive; combined; superior; ability; extract; resource; environment; higher; dependence; woman; plus; preference; dominated; result; economic; dynamic; woman; offer; exclusive; sexual; exchange; resource; sciencedirect; science; article; culture; racial; difference; degree; express; asian; lower; drive; black; higher; drive; state; family; income; biggest; factor; mutable; variable; one; determined; socialization; culture; weakly; correlated; still; show; leverage; like; technique; much; catch; almost; moderately; correlated; sexual; satisfaction; showing; social; validation; play; role; directly; result; valuable; society; regard; given; male; economically; culturally; determined; much; determination; focus; humor; probably; result; socialization; process; suspect; humor; largely; enabled; rough; tumble; play; humorous; knowing; boundary; socially; acceptable; behavior; figure; probing; space; social; interaction; play; said; study; posted; surprised; since; self; described; feminist; preferred; explicitly; sexist; hypothetical; male; woman; sneaky; like; think; result; lack; true; female; male; female; female; competition; seeing; lack; true; competition; declining; economic; growth; west; thing; start; become; corrupt; improper; sneaky; free; market; eliminate; behavior; assumption; misaligned; reality; raise; bullshit; job; woman; basically; chronically; position; mostly; always; desired; reproductive; organ; largely; irrespective; behavior; assumption; mean; express; woman; pathological; degree; gender; specific; pathology; feminism; though; probably; intention; improving; actually; made; worse; making; feminine; agreeable; eliminating; corrective; feedback; targeted; woman
e23u8sm,TheDevilsAdvokaat,good; point; fact; never; heard; making; false; rape; accusation; whereas; woman; pretty; common
e23sa6d,Kondijote,ruin; unattractive; woman; life; falsely; accusing; sexual; harassment; rape
e23rxrq,Kondijote,small; dick; jelq; extend; work; could; seriously; affect; penis
e23061y,Marco969696,honestly; believe; lengthening; internal; pill; community; thing; place; like; philipines; china; painfull; bone; problem; infection
e21eb8g,Sam_is_30_Years_Old,turning; violent; shallow; bully; attracting; femoids
e21e9fy,Sam_is_30_Years_Old,study; say; woman; prefer; foot; lengthening; human; growth; hormone; still; relatively; young
e20gwad,[deleted],
e20adfy,Spacejams1,definitely; applies; female; aggressive; male; treated; like; potential; threat; thus; confronted; actual; force; aggressive; female
e20208g,[deleted],woman; lying; cunt; nature
e201yrs,[deleted],chin; wing; palatial; expansion; help
e1zye3i,[deleted],
e1zxkbw,look_in_the_mirror,achievable; plan; like; first; want; improve
e1zwlu7,sparkyyy1337,really; society; generally; better; back; people; family; child
e1zkk7w,TheDevilsAdvokaat,sorry; made; laugh; read; know; need; scientific; confirmation; thing; everyone; know; still; help; tolerate; behaviour; beautiful; woman; personal; life; found; better; looking; person; bigger; asshole; entitled; tend; applies; gender; anything; applies; female; male
e1zdtvm,fuckbitchesman,chad; wrong
e1zdayw,[deleted],anyone; common; sense; society; lack; denial; want; perfect; fantasy; land; especially; american; society
e1zd9cb,thatzombieoverthere,would; guessed
e1yt8q1,frys180,steroid; side; effect; really; fuck; body; serious; better; naturally
e1yd8sh,mossiness,doubt; woman; regret; sexual; act; regret; lack; sexual; act; biology
e1ycdum,z-2020,strongly; doubt; sure; woman; would; prefer; never; anyone; feel; attraction; whole; life; never; feeling; ultimately; unwanted; everyone; worse; gender; specific
e1y9799,CuckFestus837,degeneracy; hypergamy; tinder; society
e1y806e,[deleted],
e1y39sq,CuckFestus837,society; peak; degeneracy
e1y15tz,[deleted],
e1xyncj,[deleted],
e1xyg9w,[deleted],
e1xyg0x,[deleted],
e1xo6fw,maskedcel,informally; speaking; meghan; traionor; would
e1xnw94,[deleted],mutual; mate; choice; prevalent; human; male; female; choice; partner; choice; made; constrain; choice; remains; poorly; understood; however; human; study; mostly; limited; measuring; preference; used; sample; speed; daters; making; choice; link; preference; partner; height; actual; choice; formation; match; mutual; expression; interest; meet; show; sexual; conflict; level; preference; translated; choice; woman; likely; choose; speed; dater; taller; whereas; likely; choose; woman; shorter; consequence; match; likely; intermediate; height; difference; differed; significantly; preferred; height; difference; sex; thus; study; reveals; mutual; mate; choice; result; suboptimal; pair; formation; sex; highlighting; importance; assessing; mate; choice; process; entirety; redd; yrqo
e1xnw52,maskedcel,right; balance; decide; roid; taking; enough; reach; enough; meathead; strong; enough; perform; athletically; balanced; aesthetic; enough; woman; edit; testosterone; maybe; anti; aging; compound; overdoing; nandrolone; winstrol
e1xnsh6,maskedcel,gymcelling; lifefuel; never; took; incel; seriously; benefit; exercise
e1xnj2o,maskedcel,meme; place
e1xmuis,UrbanPriest2,usually; attracted; young; woman; woman; tend; attracted; height; considered; factor; almost; woman; agree
e2nrwdu,MemeticDesire,white; woman; chunk; woman; race; write; white; according; graph; white; woman; stated; racial; preference; preferred; race; make; percentage; instead; preference; seems; le; strong; writing; perhaps; distinction; matter; edit; found; people; openly; declare; race; preference; still; behave; hitsch; horta; ariely; reddit; blackpillscience; comment; people; dont; openly; declare; samerace; figure; probably; correct
e2n0f6a,VictoriaSobocki,true
e2mp2q9,MemeticDesire,possibly; maybe; going; look; next; however; something; least; skimmed; really; article; posted; likely; married; people; depression; alcohol; abuse; contribute; martial; problem; precipitate; martial; dissolution; equally; likely; distress; reflects; extant; marital; problem; typically; precede; separation; divorce; riessman; finding; strongly; suggest; social; selection; social; causation; process; complex; direction; causality; relationship; marital; loss; mental; health; easily; disentangled; longitudinal; research; menaghan; menaghan; lieberman; mastekaasa; horwitz; white; horwitz; importantly; contrast; marital; loss; result; marital; gain; provided; support; social; causation; argument; since; unmarried; respondent; mental; health; status; bearing; whether; subsequently; married; thus; appears; distressed; person; likely; select; emotionally; healthy; people; likely; select; marriage; least; respect; depression; alcohol; abuse; wiki; collecting; study; know; stumbled; upon; first; proceeded; check; one; cite; edit; belongingness; paper; serious; limitation; several; finding; correlational; higher; rate; mental; physical; illness; among; loner; could; reflect; tendency; people; reject; deviant; potential; relationship; partner; token; higher; level; life; satisfaction; found; among; happily; married; people; could; partly; tendency; chronically; unhappy; people; rejected; marriage; partner; still; study; provided; evidence; direction; causality; consistently; identified; belongingness; causal; factor
e2mlb0f,SophisticatedBean,obvious; alternative; explanation; tell; celibate; might; higher; propensity; depressive; symptom; might; cause; celibacy; first; place
e2ml5sh,SophisticatedBean,wiki; collecting; study
e2m5rid,satansbarbedcock,yeah; woman; trash; ruin; life
e2m5f40,satansbarbedcock,shit; test; massive; cope; socially; retarded; made; acording; would; fatal; mistake; looksmatched; woman; given; white; work; somewhat; masculine; face; still; gave; chance; long; enough; fuck; somehow; doubt; holding; frame; would; prevented; losing; interest; chad; came
e2lt9cz,TheDevilsAdvokaat,tired; boot; camp; tough; love; post; alright; wimp; listen; getting; pussy; fault; fucking; simps; need; marine; need; shouted; repetition; thing; slight; change; repeated; said; still; good; stuff; crop; might; taken; black; pill; seen; pill; first; think; pill; useful; still; game; le; useful; tired; past; gone; mgtow; black; pill; good; like; tire; science; based; rather; opinion; anecdote; based
e2lhc7n,frys180,used; enjoy; reading; theredpill; year; however; read; nonsensical; became; comical; aspect; subreddit; guy; successful; often; similar; characteristic; white; besides; omlala; average; height; black; rare; short; asian; talking; achieved; success; coming; someone; used; scour; subreddit; daily; year; sheer; interest; straw; ironically; broke; camel; back; inane; reasoning; beta; behavior; shit; test; began; realize; generally; matter; beta; behave; woman; like; going; want; fuck; fact; much; stock; behavior; change; one; common; success; story; white; guy; testament; missing; bigger; picture; behavior; role; courtship; interaction; success; sample; size; direct; conflict; people; subreddit; tend; problem; woman; asian; short; guy; know; something; found; blackpill; everything; made; sense; veil; uncertainty; lifted; first; time; started; seeing; world; truly; blackpill; understood; going; surface; know; thing; example; knew; lifting; clean; face; would; increase; smv; grounded; understanding; real; importance; like; chicken; head; operational; without; real; understanding; particularly; enjoy; blackpillscience; ignorant; average; redpiller; incels; fact; fact; without; emotion; attached
e2l6yxl,stringedbeams,yeah; chad; chadlite; realizing; blackpill; kind; make; lose; desire; maxx; seems; like; pointless; game; hard; play
e2l60yt,[deleted],
e2l0wq2,fridgefucker12,chan; robot; telling; year; people; catching
e2kyqsc,dragonballcell,blackpill; interesting; show; society; really; think; merely; guide; become; appeal; girl
e2kyib4,KhalilYousuf3,repill; would; work; white; chadlites; anxiety; problem; havent; lookmaxxed; indian; bald; shit; jawline; redpill; aint; shit
e2kwbji,wont_tell_i_refuse_,suck; dick; used; good; still; prefer; pill; term; since; actually; make; sense; matrix; reference
e2kfwgt,[deleted],really; appreciate; quality; post; feel; guilty; half; assed; effort; mine; motivated; whole; effort; contribution
e2kcghs,[deleted],thanks; brutal; black; pill; preach; brother
e2kca8s,MemeticDesire,edit; stuff; marked; added; july; sexual; episode; another; person; predict; boost; namely; increased; positive; affect; increased; meaning; life; decreased; negative; affect; following; reverse; direction; supported; predict; next; sexual; activity; meaning; life; often; arises; individual; feel; basic; need; belonging; someone; requires; level; vulnerability; trust; readily; facilitates; opportunity; deep; meaningful; social; connection; people; close; relationship; pleasurable; intimate; experienced; greater; gain; meaning; life; positive; affect; frequency; intensity; positive; experience; important; satisfying; meaningful; life; link; springer; content; direct; relationship; voluntary; involuntary; singlehood; somatic; symptom; anxiety; insomnia; severe; depression; romantic; loneliness; voluntary; single; young; adult; experience; lower; level; romantic; loneliness; involuntary; single; young; adult; likely; woman; report; problem; love; ssresearch; average; single; held; le; positive; attitude; towards; singlehood; towards; steady; dating; unmarried; cohabitation; marriage; total; single; le; positive; singlehood; stable; partner; relationship; people; need; opposed; merely; want; belonging; devote; disproportionate; amount; cognitive; processing; actual; possible; relationship; partner; interaction; partner; deficit; belongingness; lead; variety; effect; psychological; physical; health; problem; common; among; people; lack; social; attachment; opposed; close; relationship; make; world; difference; person; health; happiness; eight; opposed; little; consequence; marriage; associated; enhanced; mental; health; social; role; general; martial; role; particular; consequence; mental; health; unmarried; respondent; mental; health; status; bearing; whether; subsequently; married; nonmarital; romantic; relationship; important; emotional; early; adulthood; current; romantic; involvement; associated; fewer; depressive; symptom; advantage; partner; support; disadvantage; partner; strain; closely; associated; woman; mental; health; young; woman; reactive; relationship; status; young; reactive; quality; ongoing; relationship; support; fashion; accessory; hypothesis; consistent; giordano; revealed; boy; invested; ongoing; romantic; relationship; le; confidence; navigating; girl; young; might; reactive; quality; ongoing; relationship; romantic; partner; primary; source; intimacy; contrast; young; woman; tend; intimate; relationship; family; friend; backup; beta; orbiter
e2jzwfc,Leonidas_79,redpill; knowledge
e2jsmtm,aryancel,redpill; cope
e2js1hy,Leonidas_79,oversteps; boundary; working; game; keeping; desirable; keep; shackled; hold; frame; keep; woman
e2j7xwa,_worst_friend_ever,woman; anxiety; disorder; problem; finding; boyfriend
e2j7t5z,TheDevilsAdvokaat,suggest; another; thing; keep; mind; thing; le; mentally; stable; people; tend; sense; avoid; actively; undesirable; trait; least; people; possibly; many; single; stable; mature; balanced; others; rather; unstable; single
e2j6285,[deleted],
e2j61p8,[deleted],
e2izwe8,notalongtime00,college; educated; really
e2iztqj,SuperSchweinchen,especially; since; crazy; people; le; relationship; necessarily; mean; people; le; relationship; become; crazy
e2ixxd8,[deleted],psychiatryonline; link; springer; article; ncbi; pubmed; honestly; endless; rabbit; hole; really; interested; going; straightforward; single; people; never; married; people; trend; towards; worse; mental; health; status; people; relationship; marriage; keep; mind; huge; huge; majority; people; aware; kind; science; discussing; healthy; people; would; inclined; follow; standard; cultural; guideline; relationship; unhealthy; people; want; incapable; mental; health; issue; rarely; going; healthy; mentally; adjusted; person; start; seeking; kind; information; research; discussing; trend; apply; large; scale; study; mental; health; relationship; status; taken; huge; grain; salt
e2ixii3,aryancel,violence
e2ives7,Leonidas_79,yeaaaaaaaah; possible; keep; woman; line; course
e2iearm,[deleted],
e2i9pm8,Incelebrity,mostly; likely; positive; enforcement; throughout; life; good; looking; always; pushed; betterment; always; push; doubt; feel; debilitating; state; confident; motivated; people; willing; help; along; probably; high; genetic; garbage
e2i5stg,[deleted],lengthening; partially; disabled; rest; life
e2i2ag7,[deleted],reproducing; difficult; hire; surrogate; carry; child; easy; hire; prostitute; reproducing; need; feel; desired; female; seeking; validation; acceptance; roastbeef
e2i1j3e,[deleted],biologically; lends; credibility; religious; principle; woman; property; opinion; matter; like; would; spend; effort; trying; convince; milk; would; spend; effort; trying; woman; like; hold; dominion; woman; unfortunately; happen; current; society; collapse
e2hwysa,look_in_the_mirror,yeah; thinking; maybe; financially; wise; height; someone; translate
e2hvqo3,Kondijote,woman; like; thieving; roiding; douchebags; deserve; respect; effort; kind; question; valid; come; judging; conscious; decision; woman; like; decided; biologically; hard; wired
e2htzbk,Swole_Prole,getting; spread; thin; already; super; active; really; need; another
e2ht27k,[deleted],
e2hqquf,[deleted],sound; like; cuckmaxxxing; really; want; woman; taste; meatholes; woman; like; thieving; roiding; douchebags; deserve; respect; effort; would; want; interact; subhuman; creature
e2hntlq,Calopsiteiro,count; heterosexual; woman; mathematically; impossible; male; average; different; female; average; thing; change; distribution
e2hn6ez,[deleted],
e2hmrny,[deleted],
e2hensn,wont_tell_i_refuse_,black; pill; basically; pill; expressed; smv
e2hdlzo,Easy_Toast,incredibly; rare; worth; bringing
e2h81nf,cyberpunkforall,real; black; pill
e2h56hk,Wakawakayukayuka,would; pill; science; science; demonstrates; importance; thing; like; status; dominance; prestige; whereas; black; pill; science; focus; look; height; including; thing; like; voice; depth; penis; size; sometimes; overlap; sometimes; diverge; always; relevant; however; keep; mind; community; inspired; science; science; people; manosphere; often; sharing; anecdote; speculation; necessarily; high; degree; fidelity; scientific; literature; think; community; downplay; community; downplay; solution; ideally; would; given; equal; importance
e36oqlv,[deleted],still; relevant
e36hv4m,kurdishpower01,weak; chin
e35wmcm,satansbarbedcock,evolutionary; stable; strategy; emerge; sure; bluepilled; science; reporting
e35sflb,bcat124,dude; absolutely; article; sane; person; claim; woman; modern; crushing; advantage; dating; getting; hand; conservative; backlash
e35o9cz,thewilloftheuniverse,tinder; basically; become; bumble
e35f8da,MemeticDesire,tend; like; large; proportion; woman; view; receive; tiny; fraction; match; return; percent; though; male; female; ratio; dataset; roughly; average; match; male; profile; receive; come; tyson; count; match; woman; beyond; brutal; puzzling; male; profile; showing; account; disabled; received; match; woman; happened; clear; bot; female; profile; guess; really; know; tinder; work; exactly
e355usp,Bylurker,good
e355qbr,Bylurker,anything; blind; people
e353jgx,wereqryan,finding; suggest; feedback; loop; whereby; driven; le; selective; hope; attaining; match; whilst; woman; increasingly; driven; selective; safe; knowledge; profile; like; probably; result; match
e350jcp,stringedbeams,repost; important; note; back; like; said; needed; financial; happiness; unhappiness; caused; poverty; perhaps; maxing; amount; could; happy; money; really; affect; happiness; make; sense; basically; covering; need; desire; imagine; today; grown; figure; unhappy; amount; money; happiness; covering; bare; minimum; need; think; rule; thumb; maxx; natural; happiness; need; able; cover; need; maybe; desire; exactly; much; cost; vary; person; person; science; positive; psychology; actually; make; happy; relationship; important; happiness; although; married; think; probably; still; possible; maxx; happiness; solid; friendship; marriage; might; threaten; happiness; person
e34sa9k,look_in_the_mirror,idea; increase; attractiveness
e34hwe2,pizzae,jeremy; meeks
e32keqc,[deleted],implant
e31bik0,sparkyyy1337,probably; though; softfern; jeremy; meeks; prod; mirror; incoming; article; alternate; philipp; plein; february; york; fashion; week
e3164gx,Leonidas_79,hairline; incredibly; important
e3d2z1r,SophisticatedBean,think; okcupid; article; best; data; currently; theblog; okcupid; case; older; woman; cabacdf; look; like; peak; woman; everything; shifted; year
e3cgf1p,noaydi,science; cope
e3c99qj,frys180,voice; voice; heavily; overlooked; important; variable; example; attractive; meeks; imagine; voice; sounded; exactly; like; woman; voice; photographically; attractive; realtime; repulse; woman; case; voice; carry; minimum; threshold; look; required
e3ahken,Killertacosarefree,good; jawline; grow; beard; buddy; chin; line; grew; kept; beard; definitely; upped; level; desirability; good; body; tell; super; bogus; jawline; helped; quite
e3a5dta,[deleted],
e3a3kdo,FatmanO,suck; woman; easier
e3a1zry,pennycenturie,bust
e39zths,Kondijote,muscle; guess; fucked
e39q2p1,PovertyRyanGosling,indian
e39nnk6,Microgoat558,
e39k33n,fridgefucker12,make; fuck; load; money
e39g2op,[deleted],surgery; thugmaxxing; black
e39bkln,fridgefucker12,damn; chris; hemsworth; fucking; ugly
e397vvb,satansbarbedcock,long; aknowledge; like; lipstick; sure
e394xvr,FatmanO,woman; mostly; trouble; dating
e394oh2,lehappyjuice,know; attracted; cope; physically; reach; peak; much; later
e394lzj,Microgoat558,unfortunately; preference; woman; requirement; generally; mean; variant; partner; wish; differs; however; woman; largely; require; type; woman; worse; height; intelligence; look; usually; empower; woman; money; however; always; exception; rule; albeit; hard; find
e3914yy,satansbarbedcock,still; cope; friend; looked; like; kid; look; better; though; thing; abouy; woman; liking; mature; looking; bluepill; meme; support; beta; buxxing; like; masculine; face; mature; face; irrelevent; woman; want; resource; status; want; quote; want; sexually; want; fruit; labor
e38wtwy,[deleted],
e38we0d,lehappyjuice,go; bald; right; otherwise; attractive; hell; looked; like; fucking; colleague
e38w9m8,satansbarbedcock,cope; like; fine; wine; thing; true; small; minority; bald; lose; therefore; lose; lean; mass; start; putting; wrinkle; form; skin; face; begin; year; look; le; atractive; considered; attractive; older; woman; asked; take; potential; beta; buxxing; account
e38vu08,PovertyRyanGosling,register; account; reason; post; came
e38v63h,[deleted],post; lookism; science; individual; help
e38qblj,sparkyyy1337,like
e38q9fq,[deleted],society
e38q0eo,PovertyRyanGosling,pretty; sure; many; people; know; certain; subreddits; type; people; deny
e38pyjo,PovertyRyanGosling,seen; happen; among; white; dude; ethnic; need; bring; package; jawline
e38njo9,[deleted],chris; hemsworth; facial; hair; chin; helped
e38nhag,[deleted],
e38mvw0,droppedmyvcard,think; attractiveness; vary; guy; mature; early; peak; attractiveness; probably; around; could; earlier; make; sense; exclude; example; looked; good; think; people; kept; shape; throughout; unlike; woman; attracted; youth; attracted; maturity; evolutionarily; speaking; older; would; better; able; provide; child; stronger; higher; status; point; reproductive; health; question; fight; rival; unattractive; guy; baby; face; look; better; provided; usually; masculine; face; better; jaw; facial; hair; compared; still; looked; like; year; old; woman; generally; find; young; looking; face; attractive; likely; muscle; mass; older; decade; hitting; change; facial; appearance; example; movie; star; famous; people; look; better; younger; example; imgur; sduipej; could; male; movie; star; tend; peak; still; look; good; provided; start; attractive; improve; woman; always; better; younger; woman; always; look; worse; find; youth; attractive; exception; would; woman; looked; younger; improved; look; losing; weight
e38msk7,lehappyjuice,false; completely; false
e38hzid,Ultramegasaurus,look; peak; early; twenty; betabuxx; peak; thirty
e38godg,bsutansalt,physical; attractiveness; composite; attractiveness; difference
e38fl84,TheTyke,none; white; woman; daddy; issue
e38c245,b100289,another; year; happy; body
e3872bl,ConnorGracie,puzzling; male; profile; showing; account; disabled; received; match; woman; happened; clear
e386xj9,ConnorGracie,think; evolutionary; stable; strategy; edit; nevermind; make; sense; article; already; happening
e385j76,ConnorGracie,tinder; literally; woman; dare; ugly; woman
e383myt,dJ_86,something; changed; used; match; tinder; zero; past; month
e382g4j,Deoxysxx,lmfao; mean; tell; truth; often; pressured
e37a3sr,FatmanO,happened; time; le; attractive; girl; friend; asked; think; attractive; attractive; said; probagbly; standard; higher
e379uai,FatmanO,thought; vice; versa; another; friend; mine; told
e2agzvp,KhalilYousuf3,thug; game; real; option; black; curry; arab
e2adeag,aryancel,ugly; muscular; intimidating; confidence; scare; chad; away; thug
e2add4m,aryancel,damn
e2ab4pe,[deleted],
e2aatsn,Need2LickMuff,fair; enough; right; look; like; cross; ashton; kutcher; mark; wahlberg; sure; guess; play
e2a8amj,[deleted],
e2a7otp,Need2LickMuff,asking; question; bruv; make; sense; would; ideal; body; insane; lighting; pitt; physique; would; make; look; impressive; easier; achieve; anyway; complaining; real; ideal
e2a0rq2,[deleted],
e29lbya,Need2LickMuff,mean; shit; woman; would; want; body; thought; though; rating; body; irrespective; face; woman; chose; fight; club; leanness; anyone
e29l08d,bsutansalt,tattoo; signal; rule; breaker; similar; trigger; feeling; dark; triad; woman; finding; convict; sexy; point; prison; hook; inmate; fall; madly; love
e29ftph,satansbarbedcock,earth; shattering; breaking; discovery; blue; noc; care; ugly
e29dehk,fridgefucker12,literally; saving; money; sleeve; reason; want; know; drive; chick; wild; muscle; lulz; dumb; fucking; broad
e298kpa,x-munki,becoming; ultimate; tool; cuck; effort; lame; cunt; hole; pathetic; faggot; worship; live; beauty; god; slave; lower; biological; impulse; base; whole; life; like; typical; human; course
e295pgi,Wakawakayukayuka,fair; enough; researcher; discussion; woman; perceive; tattoo; signal; good; health; masculinity; aggressiveness; dominance; certain; ecological; condition; thus; favour; tattooed; valuable; partner; potentially; better; health; higher; social; rank; edit; clarity; consider; character; like; jaw; james; bond; series; basically; embodies; aggressiveness; dominance; woman; consider; sexy; facial; aesthetic; thing; considered; social; dominance; attractive; woman; mean; people; facial; aesthetic; physical; deformity; suddenly; become; sexy; woman; socially; dominant; although; increase; chance; better; socially; dominant; ugly; socially; irrelevant; ugly
e294oyf,[deleted],
e294bdn,Wakawakayukayuka,anything; sexiness; article; linked; woman; thought; looked; healthier; tattoo; support; biologist; theory; however; tattoo; make; look; le; attractive; woman; agreed; tattoo; looked; masculine; dominant; aggressive; related; sexiness; say; study; definitely; fitting; study; subreddit; think; better; first; report; study; researcher; saying; speculation
e2912wc,[deleted],
e290zgr,Ultramegasaurus,tattoo; filth
e28sgzk,[deleted],
e28b0wn,Need2LickMuff,study; say; woman; prefer; muscular; torso; brad; pitt; physique; always; touted; gold; standard; slaying; little; fight; club
e287fjv,sh0t,woman; care; look; much; society; admits; society; lie; postulate
e27i1eo,Need2LickMuff,chad; start; fucking; fifteen; lost; virginity; chad
e26dkv9,bob13bob,data; rudimentary; us; mean; median; could; small; percentage; promiscuous; people; drive; average; higher
e25xtvg,frys180,disregarding; premise; post; really; think; hollywood; actor; using; steroid; steroid; look; good
e25hvk1,bsutansalt,importantly; woman; registered; slightly; higher; average; truth; came; true; tale; article; keying
e24ut0p,ain3k0,doggos; want
e24sno9,nacebkd,recently; noticed; woman; know; seeing; date; bigger; dude; vastly; overweight; strong; dude; toned; machine; hunky; guy; word; noticing; hooked; looked; good
e24shiy,nacebkd,assuming; normal; distribution; preference; among; people; provably; untrue; western; favor; boob; butt; first; chinese; favor; neck; provably
e24sc1a,nacebkd,though; stupid; doctor; administer; people; time
e24f1xc,LeftHookTKD,depressing; fuck; time; effort; lifting; mediocre; result; compared; juicer
e24eypr,LeftHookTKD,isnt; true; medium; cycle; properly; everything; properly; shouldnt; fuck; body; arnold; bodybuilder; prob; taking; normal; would
e24azb1,CopeNrope,hollywood; actor; would; like; word
e24apce,[deleted],
e24anhh,[deleted],
e2tvbzi,corinarh,look; jeremy; meeks; case; weak; chin; front; profile; handsome; front; everything; care; side
e2tumuv,Emilobruun,never; said; anyone; become; infinitely; working; work; course; change; bone; structure; unless; plastic; surgery; definitely; define; make; look; better; question; wether; could; still; attractive; woman; without; doubt; look; like; movie; star; actor; many; people; reality; actually
e2tuaes,ChromeHomeDome,work; working; never; improve; bone; structure; accentuate; existing; bone; structure; always; attractive; someone; become; mine; woman; attention; go; favor; body; compared; face; cope; year; right; askwomen; search; thread; whenever; question; come; like
e2tu4mu,Emilobruun,work; dislike; look; woman; attention; go; favor; body; compared; face; scared; labelled; beta; probably; labelled; chad; alpha
e2ttxju,ChromeHomeDome,trait; betabux; actual; sexual; attraction; based; solely; physical; look
e2tp20e,Emilobruun,first; impression; give; course; based; look; without; doubt; however; charming; funny; overall; charismatic; without; doubt; make; jawline; question
e2tfu5y,Kondijote,unless; barry; white; style; deep; voice; case; halo; effect; probably; imagine; highly; attractive
e2te9ey,ChromeHomeDome,charisma; many; woman; masturbated; voice; never; seen; guessing; zero
e2tcfdj,Kondijote,jawline; several; trait; woman; find; sexually; attractive; weak; jawline; attractive; respect; tall; broad; shouldered; considered; attractive; woman; despite; small; flaw
e2t0ho8,Emilobruun,jawline; weak; work; define; youre; actually; weak; chin; little; jawline; definition; could; either; focus; attribute; like; hair; smile; charisma; charisma; flawless; easily; woman; regardless
e2syfd1,wonderdog8888,difference; average; woman; easily; pickup; chad; casual; keep; quiet; power; article
e2sy8pn,ProsferiuS,lower; third; everything
e2sqqa7,BWid55,attraction; science; woman; known; quantifiable; angle; dimension; ratio; make; face; attractive; masculine; jawline; example; ramus; length; shape; gonial; angle; various; ratio; comparison; cheek; length; philtrum; length; forehead; length; includes; everything; middle; bottom; face; though; lower; major; difference; masculine; face; feminine; face; woman; exempt; defining; characteristic; attractive; face; grace; attractive; viewed; average; attractiveness; woman; near; perfect; split; generally; attractive; weak; jawline; unlikely; jawline; filler; implant; osteomties; dimension; weak; jawline
e2snkab,[deleted],
e2sb2jc,[deleted],
e2rez0y,[deleted],
e2r2k98,c0d3s1ing3r,nattyornot; sub; like; le; agreement; male; actor; need; drastically; alter; appearance; putting; muscle; take; steroid; accelerate; process; especially; hollywood; actor; several; million; dollar; like; many; body; possible; year; work; like; chris; pratt; guardian; galaxy; plenty; rocky
e2qtmmj,xxxrivenmainxxx,nmbreakthroughs; wellness; benefit; healthy; relationship; zoosk; date; relationship; advice; good; thing; relationship; redonline; health; self; scientific; benefit; love; positive; effect; happy; relationship; webmd; relationship; guide; health; everydayhealth; sexual; health; seven; healthy; reason; right; aspx; mirror; lifestyle; health; reason; everydayhealth; depression; antidepressant; aspx; sharecare; health; depression; treatment; treat; depression; independent; news; science; sleep; loving; partner; study; anxiety; depression; html; blog; webmd; relationship; benefit; happy; relationship; html; medicaldaily; lonely; surprising; way; alone; hazardous; health; theconversation; loneliness; health; curiosity; topic; alone; mind; body; curiosity; thesun; living; single; could; kill; lonely; people; likely; young; torontosun; single; health; healthline; health; healthy; health; benefit; relationship; healthy; unhealthy; lonely; unhealthy; dont; someone; could; ever; question; important; unless; understanding; evolution; biology; medicine
e2qi0ur,[deleted],thinking; repackaged; blue; pill
e2qeiag,_worst_friend_ever,thanks; site; come; useful
e2qe837,[deleted],copy; paste; link; journal; sagepub; give; full
e2qb9k0,_worst_friend_ever,anyone; whole; study; please; quote; many; thanks
e2q8sdt,throw_it_away_like,yeah; pretty; true; good; looking; chadlite; still; able; talk; point; woman; chasing; though; woman; really; worth; plate; lady; friend; though; nice; able; picky
e2o0a60,[deleted],someone; always; felt; miserable; relationship; attracted; felt; great; ended; feel; drained; social; event; sometimes; sitting; table; friend; thank; much; correlation; causality; take; deeper; look; possible; mental; issue
e2gvrhz,fridgefucker12,jesus; christ; tinder; experiment; fucked; think; recover; someone; tell; fake
e2gt1sv,frys180,circlejerking; shitty; still; laid; absolutely; nothing; positive; anyone; involved; would; waste; time; subscribe; contribute; agreed; complete; waste; time; lead; real; tangible; solution
e2goo95,[deleted],pointless; subreddit; posting; example; shitty; guy; girlfriend; give; zero; benefit; already; pretty; understood; good; determinant; attractiveness; next; step; assessing; factor; involved; sexual; success; circlejerking; shitty; still; laid; absolutely; nothing; positive; anyone; involved; would; waste; time; subscribe; contribute
e2ggj5s,nerdicbastards,club; every; woman; approach; sometimes; meet; social; circle; friend; party; stuff; course; work; like; look; used; tinder; meet; never; really; competed; much; woman; really; make; sense; piece; say; competing; woman; mean; modern; sense; mogging; something; maybe
e2ggf2h,empatheticapathetic,one; telling
e2ggdlt,nerdicbastards,feminism; eliminated; economic; dependence; male; male; competition; anyways; meant; like; guy; trying; gain; social; circle; stuff; break; meet; woman; outside; course; depends; look; piece; weight; look; part; seems; unpredictable; strategy; good; looking; still; seems; serious; strategy; never; fails
e2gg3tc,satansbarbedcock,mean; month; three; chick; give; year; lied; used; free; food; movie; yeah; rather; ldar; much; cheaper; much; le; anxiety; woman; ruined
e2gfnby,empatheticapathetic,find; work
e2gf9ri,satansbarbedcock,advice; anything; bother; trash
e2gf4gf,empatheticapathetic,everything; share; concept; slightly; different; view; want; dating; tip; redpill; plenty; blackpill; advice; people; le; average; look; incels; established; separate; community
e2gf2yi,[deleted],
e2g50as,aryancel,moment; commit; worshipping; wild; turn; bitchiness; domestic; abuse
e2feutt,look_in_the_mirror,nice; comment; think; applicable; culture; america; strategy
e2f7wyu,WikiTextBot,challenge; hypothesis; challenge; hypothesis; outline; dynamic; relationship; testosterone; aggression; mating; context; proposes; testosterone; promotes; aggression; would; beneficial; reproduction; mate; guarding; strategy; designed; prevent; encroachment; intrasexual; rival; challenge; hypothesis; predicts; seasonal; pattern; testosterone; level; function; mating; system; monogamy; versus; polygyny; paternal; care; male; male; aggression; seasonal; breeder; pattern; testosterone; aggression; first; observed; seasonally; breeding; bird; testosterone; level; rise; modestly; onset; breeding; season; support; basic; reproductive; function; reddit; message; compose; kitten; space; exclude; reddit; message; compose; wikitextbot; message; excludeme; subject; excludeme; exclude; subreddit; reddit; blackpillscience; banned; information; reddit; wikitextbot; wiki; index; source; github; kittenswolf; wikitextbot; downvote
e2f7wuw,SophisticatedBean,think; still; line; following; hypothesis; feminism; largely; eliminated; male; male; competition; economic; dependence; largely; eliminated; domination; resource; provision; sexual; selection; criterion; female; evaluate; male; remaining; criterion; look; woman; evaluate; thoroughly; interested; personality; little; blackpill; hypothesis; stated; subsaharanamerican; sidebar; seems; wrong; locus; control; exposed; lookism; entirely; external; male; male; competition; dominance; need; based; physical; violence; challenge; hypothesis; wikipedia; wiki; challenge; hypothesis; state; west; long; time; alter; goalpost; think; course; limited; level; dominating; behavior; social; norm; law; environment; admit
e2enlc1,nerdicbastards,idea; slightly; harm; look; reputation; blackpill; blackpill; entail; piece; mention; competition; primary; factor; mating; intrasexual; selection; rather; intersexual; would; pretty; much; entirely; look; based; woman; would; picking; appearance; rather; fighting; kind; affinity; supposed; woman; without; look; factored; much; alter; goalpost; pretty; bulk; fuck; dominate; basically; guy; probably; wondering; strategize; make; information; obviously; personally; approached; success; woman; decent; looking; physically; tall; probably; horrible; example; argue; guy; actually; struggle; incels
e2ei6jl,throw_it_away_like,whole; point; every; thing; gone; wrong; gender; relation; last; year; population; control; counter; propose; sciencemaxxxing; darwinian; perspective; maximizing; darwinian; cost; reward; ideal; dude; tennessee; illegitimate; child; huffpost; entry; different; baby; momma; make; minimum; wage; like; winning; getting; lowest; possible; score; certain; metric; society; want; high; score; highest; others; forget; sperm; count
e2eg5ci,aryancel,need; surgury; make; mine; like
e2ecf5n,aryancel,hahahaha; dont; blame; remember; posted; bunch; shit; someone; mentioned; going; went; mass; deleting
e2ec6ym,[deleted],
e2ec40u,aryancel,going; traditional; tattoo; culture; dagger; hand
e2ec2xv,[deleted],
e2eb9vv,aryancel,tatted; volcel
e2dwfb2,aryancel,make; much; sense; cheated; moment; notice; little; disloyalty; tell; fuck; abandon; competition; giving; really; intimidating; competition
e2d9vab,[deleted],work; risky
e2b998g,_worst_friend_ever,never; began; manlets
e2b5reh,[deleted],
e30kfeq,UglyDude1987,blackpill; preached; physical; attractiveness; major; factor; attractiveness; half; right; main; factor; physical; attractiveness; social; status; student; influence; social; status; though; like; attractive; tends; social; influence; status
e30kbgz,[deleted],
e2zjx1j,Leonidas_79,whipped; prenups
e2z3byc,bcat124,specific; study; jobless; mozambican; living; outside; system; little; blackpill
e2yca7v,TRUMP_DERANGEMENT,different; article
e2ybep3,LegendaryOaks,degree; look; woman
e2y818n,Grizzly_Sloth,according; karl; grammer; done; research; facial; attractiveness; male; facial; feature; positive; correlation; attractiveness; replicated; several; different; study; wide; jaw; chin
e2y7zm6,TRUMP_DERANGEMENT,obviously; like; saying; politician; corrupt; converse; true; woman; look; matter
e2xh7ta,whatdoinamethiscrap,book; find; part; free; google; book; full; article
e2xe5vv,ROABE__,walk; outside; stranger; without; recoiling; disgust; check; hideous; privilege
e2x292y,ticklemypoopchute,walk; outside; aska; stranger; talk; mother; family; member
e2x1zcv,ROABE__,bluepillscience; statistic; contrary
e2wxs0n,fridgefucker12,shit
e2wpy6a,LightBringer777,rich; male; perspective; sure; heart; broken; long; prenup
e2wpton,LightBringer777,fake; sense; love; rich; male; perspective; soon; attraction; deteriorates; partner; find; someone; attracted; reason; stay; long; prenup; married; sound; like; good; deal; male; perspective
e2w62ez,corinarh,check; side; recessed; chin; iloveblackpeople; content; uploads; screen; shot
e2w2luc,BauBauser,motherfucker; weak; chin; imgur; qovqpei; imgur; qovqpei
e2w2ha9,[deleted],
e2vs8mr,SophisticatedBean,could; imagine; resource; substantial; scientific; backing; could; find; though
e2vph5d,arakash92,could; make
e2vo40r,UrbanHuntsman,book; excerpt; sure; feel; like; book; proof; read
e2viy5l,minoxidilcel,wasnt; nick; cave; considered; symbol; sort; back; day; youth; doesnt; look; great; great; musician; though; halo; hard
e2vdkl7,whatdoinamethiscrap,trying; look; study; talk; actual; aesthetic; attractiveness; effect; attractiveness; people; society; latter; already; know; need; scientific; info; appearance
e2vcpqq,mossiness,probably; google; scholar; search; physical; attractiveness; find; study; could; ever; hope; read
e2v6d8t,Shazig,know; true; take; blackops; example; good; chin; ugly; cheekbone; area
e2v334e,Kondijote,woman; likely; choose; speed; dater; taller; whereas; likely; choose; woman; shorter
e2v2tho,Kondijote,show; height; face
e2v28bm,Ub2-w,male; mediocre; jawline; excellent; area; appear; attractive; certain; percentage; woman; remember; study; eye; important; feature; determine; attractiveness
e2v09qi,whatdoinamethiscrap,google; book; link; book; google; book; azsgpbmquc
e2uec12,[deleted],liked; study; seems; lead; possibility; either; gender; stable; happy; long; term; relationship; could; viable; assuming; physical; attractiveness; food; chain; super; physically; attractive; stick; built; biological; strategy; pursuing; variety; exclusive; casual; education; socioeconomic; status; actually; fueling; rather; reducing; partner; count; like; woman; attractive; seem; dating; variety; woman; average; attractiveness; range; rather; pursuing; equally; attractive; mate; inferred; fact; woman; average; attractiveness; average; overweight; higher; partner; count; sexual; encounter; occurred; within; week; meeting; sexual; partner; clearly; implies; must; woman; attractive; casual; assuming; interested; pursuing; huge; amount; variety; instead; looking; stable; attractive; range; seems; like; much; competition; think; best; partner
e1qvh30,SomeoneWithOpinions,woman; always; pedestal; hardwired; care; woman; like; scientific; evidence; stating; feel; biological; need; protect; woman; study; show; result; race; creed; nationality; country; income; allow; woman; experience; orgasm; monogamous; society; orgasm; higher; economic; status; confidence; partner; study; link; show; woman; orgasm; good; looking; confident; family; state; family; income; biggest; factor; state; identified; ensemble; partner; psychological; trait; motivation; intelligence; focus; determination; predicted; often; woman; initiated; sexual; intercourse; partner; sense; humor; predicted; self; confidence; family; income; predicted; woman; propensity; initiate; often; enhanced; orgasm; frequency; comparison; partner; said; study; posted; surprised; since; self; described; feminist; preferred; explicitly; sexist; hypothetical; male
e1pn2yr,mossiness,unsurprising; since; woman; shamed
e1pmsmn,mossiness,
e1pmqz0,Rogdozz,imply; idiot
e1pcsiw,mossiness,joke
e1pc8m4,[deleted],waste; time; idiot
e1pc285,mossiness,want; hookup; study; show; study; like; asshole; study; study; show; attracted; nice; guy
e1p5phd,satansbarbedcock,nothing; benevolent; sexism
e1ovqv2,SophisticatedBean,personally; believe; preferential; treatment; woman; make; weaker; lazy; le; desperate; achieve; success; thus; le; successful; appears; cause; ncbi; pubmed; though; feminism; equality; pedestal; equality; guess; shorten; feminism; equality; woman; always; pedestal; hardwired; care; woman; woman; hardwired; reciprocity; instead; hardwired; exploit; unwilling; settle; partner; lower; rank; alternative; would; unstable; anyway; stronger; male; mating; pool; would; able; threaten; decision; decided; weaker; male; patriarchy; exactly; mean; counteracting; innate; anti; beta; male; bias; basically; egalitarianism; basically; artificially; make; attractive; ritual; affirmative; action; boy; domain; club; strict; rank; enforcement; economic; dependence; woman; likely; feel; like; actually; valuable; high; status; partner; allow; woman; experience; orgasm; monogamous; society; orgasm; ncbi; pubmed; higher; economic; status; confidence; partner; theoretically; make; monogamous; bond; unstable; indeed; seeing; growing; divorce; rate; another; prediction; rendered; unable; impress; woman; relative; socioeconomic; rank; fewer; male; motivated; classical; courtship; incentive; achievement; founding; family; reduce; overall; reduce; cultural; drive; likely; seeing; incels; hikikomoris; opioid; crisis; though; economic; component; might; expect; negative; utility; listed; might; canceled; utility; improvement; woman; life; look; like; feminism; made; woman; happier; nber; paper; career; oriented; woman; seem; often; find; position; satisfied; find; satisfying; mate; edge; response; detail; career; conflict; motherhood; suspect; feminism; increase; raised; agreeable; intimidated; soft; fulfill; wish; positive; utility; shape; increased; economic; productivity; questionable; extent; actually; made; happier; positive; emotion; mostly; associated; goal; pursuit; cocaine; emphatemine; goal; becoming; diffuse; gender; incompatible; unattainable; obviously; make; le; happy
e1om40l,[deleted],watch; woman; look; matter; much; study; show; immense; extent; want; hookup; study; show; like; asshole; study; fucking; liar
e1nsovo,pennycenturie,express; opinion; fact; article
e1nkfap,[deleted],report; permissive; sexual; attitude; behavior; woman; experiment; tested; whether; difference; might; result; false; accommodation; gender; norm; distorted; reporting; consistent; gender; stereotype; participant; completed; questionnaire; three; onditions; diffierences; self; reported; sexual; behavior; negligible; bogus; pipeline; condition; participant; believed; lying; could; detected; moderate; anonymous; condition; greatest; exposure; threat; condition; experimenter; could; potentially; view; participant; response; pattern; clearest; behavior; considered; le; acceptable; woman; masturbation; exposure; hardcore; softcore; erotica; result; suggest; difference; self; reported; sexual; behavior; reflect; response; influenced; normative; expectation; woman; interesting; woman; asked; bunch; question; sexuality; three; different; condition; hooked; false; polygraph; detector; anonymous; survey; condition; made; obvious; college; peer; answer; example; result; question; number; sexual; partner; follows; three; test; reference; demographic; university; student; polygraph; test; reported; partner; average; woman; reported; anonymous; test; reported; partner; average; woman; reported; risk; exposure; test; reported; partner; woman; reported; overall; gender; lied; effect; testing; condition; significant; woman
e1nhhjx,Bullet_Storm,comment; poster; post; study; without; comment; great; dissection; personally; enjoy; contributing; blackpillscience; find; difficult; write; holistic; comment; study; justice; like; believe; many; want; know; study; existence; unable; provide; elaboration; analysis; study; meaning; said; comment; extremely; insightful; provide; much; needed; context; bigger; picture; thoroughly; enjoy; effort; content; comment; agree; done; correctly; indeed; accentuate; value; study
e1ngetz,hirayama_ronin,comment; poster; post; study; without; comment; purpose; following; observation; situate; count; benevolent; sexism; according; study; author; purpose; study; meet; research; called; benevolent; sexism; definition; author; agree; parental; investment; theory; however; definition; benevolent; sexism; watering; following; quoted; article; word; word; study; hostile; sexism; encompasses; overtly; prejudiced; attitude; whereas; benevolent; sexism; involves; subjectively; positive; attitude; woman; cherished; protected; chivalrous; behavior; attempt; achieve; intimacy; woman; benevolent; sexism; includes; attempt; achieve; intimacy; woman; either; andrea; dworking; style; rape; definition; sexism; categorically; place; normal; gendered; behavior; politically; hostile; ghetto; rape; sexism; poorly; worded; definition; part; study; author; single; example; benevolent; sexism; offered; introduction; would; situate; author; definition; move; immediately; supposed; consequence; convenient; short; hand; study; support; idea; dardenne; dumont; bollier; insidious; danger; benevolent; sexism; consequence; woman; performance; journal; personality; social; psychology; glick; fiske; ambivalent; sexism; inventory; differentiating; hostile; benevolent; sexism; journal; personality; social; psychology; literature; work; ground; definition; example; found; supplemental; material; section; study; study; condition; feel; matter; accomplished; truly; complete; person; without; love; woman; think; woman; pedestal; convinced; general; woman; pure; tend; superior; moral; sensibility; mark; think; woman; cherished; protected; case; disaster; emergency; situation; think; woman; helped; study; condition; feel; truly; complete; person; without; love; woman; especially; personally; accomplished; think; woman; pedestal; convinced; neither; superior; respect; purity; moral; sensibility; think; woman; necessarily; cherished; protected; case; disaster; emergency; situation; think; person; factor; determining; helped; first; despite; romantic; undertone; researcher; noted; benevolent; sexism; still; reinforces; notion; woman; inferior; study; find; might; help; woman; study; participant; offered; robert; john; identical; every; except; particular; behavior; robert; john; john; robert; colleague; know; often; worked; pair; attended; meeting; short; business; trip; look; physically; competent; noticed; behave; slightly; differently; time; though; example; occasion; attending; short; business; trip; robert; john; train; station; hotel; conference; meeting; held; taxi; turned; decided; walk; order; time; december; cold; condition; saying; something; cold; robert; john; took; coat; gave; though; thin; suit; jacket; underneath; another; occasion; later; month; another; short; business; trip; john; robert; still; cold; walking; train; station; back; office; distance; walk; cold; last; time; condition; saying; something; cold; john; robert; wearing; thin; suit; jacket; coat; offer; give; coat; reading; assume; attempt; achieve; intimacy; woman; mean; attempt; charm; woman; intimacy; giving; preferential; treatment; discussion; feminism; driven; research; attempting; author; study; disrupting; position; preferential; treatment; woman; politically; damaging; treatment; actually; position; tend; agree; personally; believe; preferential; treatment; woman; make; weaker; lazy; le; desperate; achieve; success; thus; le; successful; problem; feminism; allows; woman; problematize; preferential; treatment; shown; turning; prima; facie; positive; subtle; negative; benefiting; preferential; treatment; grabbing; resource; attention; affirmation; punishing; offering; resource; attention; affirmation; packaging; form; political; oppression; patriarchy; solely; responsible; study; like; nonsense; say; benevolent; sexism; negative; consequence; desired; woman; propose; alternative; explanation; drawn; evolutionary; sociocultural; theory; mate; preference; woman; find; attractive; attitude; behavior; signal; willing; invest; woman; express; unconscious; bias; toward; conscious; knowledge; supposed; negative; effect; upon; woman; politically; feminist; longer; claim; product; male; supremacy; joint; product; deep; reproductive; politics; woman; must; take; share; responsibility; take; share; benefit; placed; pedestal; always; feminism; equality; pedestal; equality
e1n5q6q,Space-Pirate-Calico,think; going; final; whether; appropriate; keep; opinion
e1m407y,copekoro,imgur; xnqz; imgur; xnqz
e1ltddk,mossiness,would; hesitate; call; rape; gender; specific; since; think; raped; would; traumatizing; unwanted; perhaps; could; compare; woman; pumped; dumped; something; woman; commonly; complain; really; seem; care; woman; pumped; dumped; worse; pumped; dump; better
e1lporq,ScienceOrDidntHappen,difference; positive; regret; regret; something; occurred; negative; regret; regret; missed; something; would; interesting; point; could; analyzed; already; study; though; experience; sexual; envy; precisely; incel; male; raped; female; alpha; male; gender; specific; source; suffering; opposite; end; along; dimension; perhaps; similar; magnitude
e1loexu,UrbanHuntsman,photo; album
e1lgrv4,mossiness,contrast; missed; sexual; opportunity; historically; carried; higher; reproductive; fitness; cost; woman; hypothesized; poorly; chosen; sexual; inaction; would; regretted; woman; interesting; thing; noticed; within; incel; community; sadness; missed; young; romance; getting; experience; chad; experienced; something; among; woman
e1l1ks8,[deleted],mention; society; dishonest; undesirable; shut
e1kwq8z,mossiness,yeah; agree
e1kv8ee,ScienceOrDidntHappen,study; showed; woman; aroused; woman; bonobo; fucking; topless; photo; attractive; hunch; people; literature; erroneously; treat; choosiness; arousal; synonymous; truth; tightly; coupled; loosely; coupled; woman; woman; rarely; aroused; mere; visual; stimulus; male; exhibit; judge; visual; feature; harshly; harsher; therefore; claim; woman; le; visual; half; truth; difference; might; cause; illusion; firstly; much; attracted; neoteny; culturally; associate; youth; beauty; draw; wrong; conclusion; would; value; beauty; proxy; youth; secondly; much; willing; engage; near; term; make; seem; woman; le; visually; oriented; mere; beauty; convince; woman; right; away; truth; need; time; social; validation; evaluate; status; addition; initial; filter; visual; appearance; equally; strong
e1kq6ii,[deleted],
e1kpxen,[deleted],average; rational; thing; believe; coincides; unscientific; thing
